{
  "oasis": -1,
  "woodland": -1,
  "shrubland": -1,
  "xeric_shrubland": -1,
  "tropical_rainforest": -1,
  "fen": 55,
  "steppe": 85,
  "bayou": 43,
  "overgrown_cliffs": -1,
  "highland": -1,
  "volcanic_island": 101,
  "quagmire": 76,
  "marsh": 66,
  "chaparral": -1,
  "flower_island": -1,
  "flower_field": -1,
  "wetland": -1,
  "mystic_grove": -1,
  "cold_desert": 49,
  "mountain_foothills": -1,
  "maple_woods": -1,
  "coral_reef": -1,
  "orchard": -1,
  "moor": 68,
  "land_of_lakes": -1,
  "bog": 44,
  "coniferous_forest": -1,
  "eucalyptus_forest": -1,
  "outback": 73,
  "shield": -1,
  "alps": -1,
  "wasteland": 89,
  "lush_desert": -1,
  "mangrove": -1,
  "boreal_forest": -1,
  "redwood_forest": -1,
  "cherry_blossom_grove": -1,
  "snowy_forest": -1,
  "seasonal_forest": -1,
  "temperate_rainforest": -1,
  "dead_forest": 52,
  "bamboo_forest": -1,
  "dead_swamp": 53,
  "kelp_forest": -1,
  "heathland": -1,
  "glacier": -1,
  "meadow": -1,
  "lush_swamp": -1,
  "mountain_peaks": -1,
  "tropical_island": -1,
  "grassland": -1,
  "prairie": -1,
  "snowy_coniferous_forest": -1,
  "tundra": 88,
  "origin_island": -1,
  "gravel_beach": 40,
  "grove": -1,
  "lavender_fields": -1,
  "rainforest": -1,
  "sacred_springs": -1,
  "crag": 51,
  "brushland": -1,
  "ominous_woods": -1
}