{"name":"Infrastructure","description":"You\u0027ve survived a few days, can you go longer?","quests":[{"uuid":"bd8ef8dc-9367-470a-a5f2-3045067e0ae7","name":"SieveTastic","description":"Some resources can only be extracted by sieving blocks, insert the mesh into the empty sieve and right-click siftable blocks to grab resources.","x":115,"y":17,"icon":{"id":"exnihiloadscensio:blockSieve"},"prerequisites":["8e3aeaab-598b-4666-a099-362052d550e0"],"trigger":"ANTI_TRIGGER","tasks":[{"type":"CRAFT","items":[{"item":{"id":"exnihiloadscensio:blockSieve"}},{"item":{"id":"exnihiloadscensio:itemMesh","damage":1}}]}],"reward":[{"id":"exnihiloadscensio:itemOreIron","amount":16},{"id":"exnihiloadscensio:itemOreGold","amount":16},{"id":"exnihiloadscensio:itemOreCopper","amount":16}],"commandrewards":[]},{"uuid":"80aa7026-8ca3-4175-9ea0-bf5301cb93f3","name":"Drill It","description":"The Drill will make your life a lot easier while mining. Make sure to fill the drill up with power before use! ALSO! You can have a pink one if you want!","x":270,"y":70,"icon":{"id":"actuallyadditions:itemDrill","damage":3,"nbt":"{Energy:0}"},"prerequisites":["a80165ee-2e4a-4e79-a72f-f21bfc610d70"],"tasks":[{"type":"CRAFT","items":[{"item":{"id":"actuallyadditions:itemDrill","damage":3,"nbt":"{Energy:0}"},"precision":"NBT_FUZZY"}]}],"reward":[{"id":"actuallyadditions:itemBattery","nbt":"{Energy:1000000}"}],"rewardchoice":[{"id":"actuallyadditions:itemDrillUpgradeSpeed"},{"id":"actuallyadditions:itemDrillUpgradeThreeByThree"},{"id":"actuallyadditions:itemDrillUpgradeBlockPlacing"}],"commandrewards":[]},{"uuid":"936fbf6f-5ab7-486d-a76b-91b3b198d7b9","name":"Clay Transmogrify","description":"The extra Clay you have laying around your base can be reconstructed into Lapis using the Atomic Reconstructor. ","x":293,"y":82,"icon":{"id":"minecraft:dye","damage":4},"prerequisites":["a80165ee-2e4a-4e79-a72f-f21bfc610d70"],"trigger":"ANTI_TRIGGER","tasks":[{"type":"DETECT","items":[{"item":{"id":"minecraft:clay_ball"},"required":16}]}],"reward":[{"id":"minecraft:dye","damage":4,"amount":16}],"commandrewards":[]},{"uuid":"814486f7-67d9-4d12-b35e-14b53c1b4dfa","name":"Pulverize It!","description":"Electrical Machines are a bit far off, use this Pulvus to pulverize items using burnable fuels.","x":19,"y":43,"icon":{"id":"furnus:pulvus"},"prerequisites":["25dd9dcd-13fa-406a-a6d1-c70e0de04a3b"],"trigger":"ANTI_TRIGGER","tasks":[{"type":"CRAFT","items":[{"item":{"id":"furnus:pulvus"}}]}],"reward":[{"id":"minecraft:coal_block","amount":4}],"rewardchoice":[{"id":"hardcorequesting:hearts"},{"id":"dungeontactics:heart_golden"},{"id":"air_support:medical_crate_drop_remote"}],"commandrewards":[]},{"uuid":"b8a89dd4-94b3-42f2-b0f5-d21b22a46461","name":"I Just Shipped My Pants!","description":"Do you have a bunch of unused crops?! Do you need more Emeralds?! Well, look no further! The Shipping Bin will buy all your unwanted crops and give you Emeralds in return!","x":57,"y":142,"icon":{"id":"harvestcraft:shippingbin"},"prerequisites":["712233dd-db58-405f-923a-eff57d907268"],"trigger":"ANTI_TRIGGER","tasks":[{"type":"CRAFT","items":[{"item":{"id":"harvestcraft:shippingbin"}}]}],"reward":[{"id":"minecraft:emerald","amount":2}],"commandrewards":[]},{"uuid":"20446b05-b9b0-4811-a171-a5631cc54909","name":"Bind It","description":"Conduit Binder is needed for advanced pipes. Craft some Binder Composite and cook it in a furnace to obtain the finished product.","x":222,"y":70,"icon":{"id":"enderio:itemMaterial","damage":1},"prerequisites":["1953a4f4-007a-4097-b8f7-b5fa7806a471"],"tasks":[{"type":"CRAFT","items":[{"item":{"id":"enderio:itemMaterial","damage":2}}]}],"reward":[{"id":"enderio:itemMaterial","damage":1,"amount":16}],"commandrewards":[]},{"uuid":"a80165ee-2e4a-4e79-a72f-f21bfc610d70","name":"Burn It With Lasers!","description":"The Atomic Reconstructor is a great way to convert items into more useful items! Make sure it has power and either place or throw items in front of it. ","x":270,"y":43,"icon":{"id":"actuallyadditions:blockAtomicReconstructor"},"prerequisites":["ac150a51-498f-4fa0-ac28-0b6d9d4ebcab"],"tasks":[{"type":"DETECT","items":[{"item":{"id":"minecraft:leather"},"required":32},{"item":{"id":"actuallyadditions:itemCrystal","damage":3},"required":8}]}],"reward":[{"id":"actuallyadditions:itemPaxelCrystalBlack"},{"id":"scannable:scanner","nbt":"{energy:10000}"}],"rewardchoice":[{"id":"hardcorequesting:hearts"},{"id":"dungeontactics:heart_golden"},{"id":"minecraft:experience_bottle","amount":4}],"commandrewards":[]},{"uuid":"b5b80889-6fa7-4a0e-9218-24d7ef2cf93e","name":"Cactus Rocks","description":"Cactus Green is the main ingredient in coloring a circuit board. If it\u0027s not green it just won\u0027t work! You\u0027ll find Cactus out in the wild in a number of sandy biomes.","x":43,"y":105,"icon":{"id":"minecraft:cactus"},"prerequisites":["4fe1744c-f468-4ed4-83a5-3bb58e343848"],"trigger":"ANTI_TRIGGER","tasks":[{"type":"DETECT","items":[{"item":{"id":"minecraft:cactus"},"required":4}]}],"reward":[{"id":"minecraft:dye","damage":2,"amount":4}],"commandrewards":[]},{"uuid":"94739601-eea7-4c9a-b114-ef9a901cbb89","name":"Blasted!","description":"If you want to further your research, you\u0027re going to need Steel. The Blast Furnace takes a total of 27 Blast Bricks. Use a Blast Furnace to cook Coal Coke and Iron into Steel. Blast Bricks should be placed in a 3x3x3 cube and right-clicked with an Engineer\u0027s Hammer to create the multi-block structure.","x":174,"y":43,"icon":{"id":"immersiveengineering:stoneDecoration","damage":1},"prerequisites":["6153647c-0139-4299-b7cf-a9d830c50201"],"trigger":"ANTI_TRIGGER","tasks":[{"type":"CRAFT","items":[{"item":{"id":"immersiveengineering:stoneDecoration","damage":1},"required":4}]}],"reward":[{"id":"quark:charcoal_block","amount":4}],"commandrewards":[]},{"uuid":"4fe1744c-f468-4ed4-83a5-3bb58e343848","name":"Power Cells","description":"As you progress, you will need machines to power your base. The easiest power source to begin with is a furnace generator. It will turn most burnable items into power for your first set of machines.","x":20,"y":92,"icon":{"id":"extrautils2:machine","nbt":"{Type:\"extrautils2:generator\"}"},"prerequisites":["25dd9dcd-13fa-406a-a6d1-c70e0de04a3b"],"trigger":"ANTI_TRIGGER","tasks":[{"type":"CRAFT","items":[{"item":{"id":"extrautils2:machine","nbt":"{Type:\"extrautils2:generator\"}"}}]}],"reward":[{"id":"minecraft:coal","amount":8}],"rewardchoice":[{"id":"hardcorequesting:hearts"},{"id":"dungeontactics:heart_golden"},{"id":"minecraft:experience_bottle","amount":4}],"commandrewards":[]},{"uuid":"6153647c-0139-4299-b7cf-a9d830c50201","name":"To Catch A Soul","description":"Use this magical bottle to capture the souls of your enemies.","x":139,"y":43,"icon":{"id":"minecraft:glass_bottle"},"prerequisites":["8c179431-c09b-42eb-8e3c-0035031f085b"],"trigger":"ANTI_TRIGGER","tasks":[{"type":"CRAFT","items":[{"item":{"id":"enderio:itemSoulVessel"}}]}],"reward":[{"id":"enderio:itemSoulVessel","damage":1,"nbt":"{entityId:\"playerraiders.Raiders\"}"}],"commandrewards":[]},{"uuid":"b1376596-2ec8-4033-bfab-d10bd9ec9de8","name":"Upgrade Your Pipes","description":"Now that you have some Binder Composite and a bunch of storage, you can make use of some Item Conduits to move things around.","x":222,"y":96,"icon":{"id":"enderio:itemItemConduit"},"prerequisites":["20446b05-b9b0-4811-a171-a5631cc54909"],"trigger":"ANTI_TRIGGER","tasks":[{"type":"CRAFT","items":[{"item":{"id":"enderio:itemItemConduit"}}]}],"reward":[{"id":"enderio:itemItemConduit","amount":8},{"id":"enderio:itemLiquidConduit","amount":8}],"commandrewards":[]},{"uuid":"6a2c447a-4d4e-45e0-875b-85478c41691a","name":"Frickin Laser Beams","description":"Looking for some real power?! How about a Laser Turret. Put this inside your base and those Raiders won\u0027t know what hit them.","x":20,"y":168,"icon":{"id":"openmodularturrets:laser_turret"},"prerequisites":["d54606dd-c12a-4b78-bb43-49e1ba63a389"],"tasks":[{"type":"CRAFT","items":[{"item":{"id":"openmodularturrets:laser_turret"}},{"item":{"id":"openmodularturrets:turret_base","damage":4}}]}],"reward":[{"id":"enderio:blockCapBank","damage":3,"nbt":"{Energy:25000000}"}],"rewardchoice":[{"id":"hardcorequesting:hearts"},{"id":"dungeontactics:heart_golden"},{"id":"air_support:utility_crate_drop_remote"}],"commandrewards":[]},{"uuid":"e068b0cb-2444-4a79-a607-c53f0d87fecf","name":"Alloy Hoy!","description":"Acquiring Alloys is necessary to further your infrastructure. Start off by pulverizing some iron and nickel to make invar.","x":43,"y":43,"icon":{"id":"basemetals:invar_ingot"},"prerequisites":["814486f7-67d9-4d12-b35e-14b53c1b4dfa"],"trigger":"ANTI_TRIGGER","tasks":[{"type":"DETECT","items":[{"item":{"id":"basemetals:invar_ingot"},"required":4,"precision":"ORE_DICTIONARY"}]}],"reward":[{"id":"basemetals:invar_sword"},{"id":"basemetals:invar_chestplate"}],"commandrewards":[]},{"uuid":"97e50629-93cb-4dec-8e37-16125d465466","name":"Evil Sand","description":"Take the souls of your enemies and bury them into sand to transform the block into Soul Sand. Soul Sand is able to be sifted for items.","x":139,"y":17,"icon":{"id":"minecraft:soul_sand"},"prerequisites":["bd8ef8dc-9367-470a-a5f2-3045067e0ae7"],"trigger":"ANTI_TRIGGER","tasks":[{"type":"CRAFT","items":[{"item":{"id":"minecraft:soul_sand"}}]}],"reward":[{"id":"minecraft:blaze_powder","amount":16},{"id":"minecraft:netherbrick","amount":16}],"commandrewards":[]},{"uuid":"ac150a51-498f-4fa0-ac28-0b6d9d4ebcab","name":"Press It Real Good","description":"Alright, you have access to Steel and the Metal Plate Mold. Open up your Engineer\u0027s Manual to learn how to create a Metal Press. This multi-block structure needs power and the mold inserted to work properly. It\u0027s also used to create metal wires at a much more rapid and efficient pace.","x":246,"y":43,"icon":{"id":"immersiveengineering:metal","damage":39},"prerequisites":["1953a4f4-007a-4097-b8f7-b5fa7806a471"],"trigger":"ANTI_TRIGGER","tasks":[{"type":"DETECT","items":[{"item":{"id":"immersiveengineering:metal","damage":39},"required":3,"precision":"ORE_DICTIONARY"}]}],"reward":[{"id":"immersiveengineering:metal","damage":39,"amount":4},{"id":"immersiveengineering:metal","damage":30,"amount":4},{"id":"immersiveengineering:metal","damage":38,"amount":4},{"id":"immersiveengineering:metal","damage":31,"amount":4}],"commandrewards":[]},{"uuid":"712233dd-db58-405f-923a-eff57d907268","name":"Lock, Stock, and Barrel","description":"Need a way to get ahold of Netherrack or Obsidian? Use the Stone Barrel. Right-click redstone on a barrel filled with lava to create netherrack and place a source of water above the barrel to turn it into obsidian.","x":115,"y":122,"icon":{"id":"exnihiloadscensio:blockBarrel1"},"prerequisites":["a1ee8e89-eda7-4ddc-a721-f2443acf55df"],"trigger":"ANTI_TRIGGER","tasks":[{"type":"CRAFT","items":[{"item":{"id":"exnihiloadscensio:blockBarrel1"}}]}],"reward":[{"id":"ceramics:clay_bucket","nbt":"{fluids:{FluidName:\"lava\",Amount:1000}}"},{"id":"minecraft:redstone","amount":16}],"commandrewards":[]},{"uuid":"80fd680e-9336-4fbd-9bff-1308001d4ff3","name":"Compact Your Automation","description":"Compact machines are in need of a Chassis, build your first to begin work on smaller machines and save some space in your base.","x":246,"y":70,"icon":{"id":"enderio:itemMachinePart"},"prerequisites":["ac150a51-498f-4fa0-ac28-0b6d9d4ebcab"],"trigger":"ANTI_TRIGGER","tasks":[{"type":"CRAFT","items":[{"item":{"id":"enderio:itemMachinePart"}}]}],"reward":[{"id":"enderio:itemBasicCapacitor","damage":1}],"commandrewards":[]},{"uuid":"1bce7a37-97fe-452d-9460-204e0ab3bf2d","name":"Water You Doing?","description":"Crops can take quite a while to grow on their own. You\u0027ll need a watering can to help them grow a  bit faster! Don\u0027t forget to fill it with water first.","x":270,"y":17,"icon":{"id":"extrautils2:wateringcan"},"prerequisites":["90b8beaa-fe1b-495b-9247-c8ca20470a56"],"trigger":"ANTI_TRIGGER","tasks":[{"type":"CRAFT","items":[{"item":{"id":"extrautils2:wateringcan","damage":1000},"precision":"FUZZY"}]}],"reward":[{"id":"harvestcraft:friedchickenItem","amount":2}],"rewardchoice":[{"id":"minecraft:melon_seeds","amount":4},{"id":"actuallyadditions:itemCanolaSeed","amount":4},{"id":"exnihiloadscensio:itemSeedPotato","amount":4},{"id":"harvestcraft:eggplantseedItem","amount":4}],"commandrewards":[]},{"uuid":"d54606dd-c12a-4b78-bb43-49e1ba63a389","name":"Upgrade Your Defenses","description":"Your junk-firing turret worked nicely at first, but you\u0027ve probably noticed enemies are getting progressively harder. Start upgrading your turrets to do more damage and take care of enemies!","x":20,"y":143,"icon":{"id":"openmodularturrets:machine_gun_turret"},"prerequisites":["43de9bee-5ddf-48b7-ae9a-39372ad5138b"],"trigger":"ANTI_TRIGGER","tasks":[{"type":"CRAFT","items":[{"item":{"id":"openmodularturrets:machine_gun_turret"}},{"item":{"id":"openmodularturrets:turret_base","damage":1}}]}],"reward":[{"id":"openmodularturrets:ammo_meta","damage":1,"amount":64}],"rewardchoice":[{"id":"hardcorequesting:hearts"},{"id":"dungeontactics:heart_golden"},{"id":"minecraft:experience_bottle","amount":4}],"commandrewards":[]},{"uuid":"9cb90c66-e6e6-43de-971d-f95093214d7c","name":"Grind It Up","description":"Pulvus eating all your fuel? No worries! Use the SAG Mill to use electricity instead. This will also work at a much faster pace and increase your access to new materials.","x":246,"y":97,"icon":{"id":"enderio:blockSagMill"},"prerequisites":["80fd680e-9336-4fbd-9bff-1308001d4ff3"],"trigger":"ANTI_TRIGGER","tasks":[{"type":"CRAFT","items":[{"item":{"id":"enderio:blockSagMill"},"precision":"FUZZY"}]}],"reward":[{"id":"enderio:itemMaterial","damage":7,"amount":16}],"rewardchoice":[{"id":"hardcorequesting:hearts"},{"id":"dungeontactics:heart_golden"},{"id":"minecraft:experience_bottle","amount":4}],"commandrewards":[]},{"uuid":"cdc08bf1-034b-4062-8b80-4b9475faabb1","name":"Lock and Key","description":"You seem to be getting a lot of random junk in your trunks. Time to upgrade to drawers and get a storage system going!","x":31,"y":64,"icon":{"id":"storagedrawers:basicDrawers","nbt":"{material:\"oak\"}"},"prerequisites":["814486f7-67d9-4d12-b35e-14b53c1b4dfa"],"tasks":[{"type":"CRAFT","items":[{"item":{"id":"storagedrawers:basicDrawers","nbt":"{material:\"oak\"}"},"precision":"FUZZY"}]}],"reward":[{"id":"storagedrawers:upgradeStorage","damage":3},{"id":"storagedrawers:drawerKey"}],"commandrewards":[]},{"uuid":"77454e0d-ebf6-4341-88d5-cf271ce4cc37","name":"Crushed Conversion","description":"You might be in need of extra Emeralds or Diamonds. Use the Atomic Reconstructor to convert Crushed Diamonds into Crushed Emeralds and back!","x":293,"y":56,"icon":{"id":"minecraft:emerald"},"prerequisites":["a80165ee-2e4a-4e79-a72f-f21bfc610d70"],"trigger":"ANTI_TRIGGER","tasks":[{"type":"DETECT","items":[{"item":{"id":"actuallyadditions:itemDust","damage":3},"required":2}]}],"reward":[{"id":"actuallyadditions:itemDust","damage":3,"amount":2},{"id":"actuallyadditions:itemDust","damage":2,"amount":2}],"commandrewards":[]},{"uuid":"c3d23582-dc07-476f-a3c6-7c7d8e269202","name":"Empower For More Power","description":"The Empowerer will... Empower your items to their full potential. Check out the Actually Additions Manual to learn the proper setup. Don\u0027t forget, each item stand needs to be powered. Good luck and don\u0027t blow yourself up!","x":293,"y":30,"icon":{"id":"actuallyadditions:blockEmpowerer"},"prerequisites":["a80165ee-2e4a-4e79-a72f-f21bfc610d70"],"trigger":"ANTI_TRIGGER","tasks":[{"type":"CRAFT","items":[{"item":{"id":"actuallyadditions:blockEmpowerer"}},{"item":{"id":"actuallyadditions:blockDisplayStand"},"required":2}]}],"reward":[{"id":"actuallyadditions:blockDisplayStand","amount":2},{"id":"actuallyadditions:itemPickaxeCrystalGreen"},{"id":"actuallyadditions:itemBooklet"}],"commandrewards":[]},{"uuid":"ad4bedff-068c-4976-83fc-bae8bbc614c8","name":"Tanks A Lot!","description":"Moving fluids around 1 bucket at a time is pretty inefficient. Grab a tank to move them around at a much faster rate!","x":138,"y":70,"icon":{"id":"mob_grinding_utils:tank"},"prerequisites":["982cd719-0004-4145-b821-9d9f62f6ee3f"],"trigger":"ANTI_TRIGGER","tasks":[{"type":"CRAFT","items":[{"item":{"id":"mob_grinding_utils:tank"}}]}],"reward":[{"id":"mob_grinding_utils:tank","nbt":"{FluidName:\"lava\",Amount:32000,x:391,y:70,z:-115,id:\"tile.mob_grinding_utils.tank\"}"}],"commandrewards":[]},{"uuid":"c30ceb51-8f65-4802-9aac-fa32bb0d5841","name":"Guns A Blazin\u0027","description":"You\u0027ll need Gunpowder as a crafting material and it looks like all the Creepers are gone. Look up the recipe and produce some Gunpowder to begin storing some for later.","x":233,"y":117,"icon":{"id":"minecraft:gunpowder"},"prerequisites":["9cb90c66-e6e6-43de-971d-f95093214d7c"],"trigger":"ANTI_TRIGGER","tasks":[{"type":"DETECT","items":[{"item":{"id":"minecraft:gunpowder"},"required":16}]}],"reward":[{"id":"minecraft:gunpowder","amount":32}],"rewardchoice":[{"id":"hardcorequesting:hearts"},{"id":"dungeontactics:heart_golden"},{"id":"air_support:medical_crate_drop_remote"}],"commandrewards":[]},{"uuid":"319a205e-a12e-4a29-b9d1-4dc80b791821","name":"Chop Chop","description":"As you may have noticed, diamonds are a little limited. If you put a block of Coal Coke on a Chopping Block and strike it with an Axe, you\u0027ll probably find Diamond Nuggets!","x":91,"y":96,"icon":{"id":"minecraft:diamond"},"prerequisites":["884276ba-b2e3-44ae-a93d-e6d6ca64350b"],"trigger":"ANTI_TRIGGER","tasks":[{"type":"DETECT","items":[{"item":{"id":"translocator:diamondNugget"},"required":4}]}],"reward":[{"id":"minecraft:diamond","amount":2}],"commandrewards":[]},{"uuid":"9a1085c0-0ece-4489-bc64-73a6f53fd0b5","name":"Alloy Hoy!","description":"When you need to create unique alloys, the Alloy Smelter is a perfect addition to your base. Remember to set the mode in the GUI for the proper type of smelting.","x":270,"y":97,"icon":{"id":"enderio:blockAlloySmelter"},"prerequisites":["80fd680e-9336-4fbd-9bff-1308001d4ff3"],"tasks":[{"type":"CRAFT","items":[{"item":{"id":"enderio:blockAlloySmelter"}}]}],"reward":[{"id":"enderio:itemBasicCapacitor","damage":1}],"commandrewards":[]},{"uuid":"949eaa0f-b38c-4a40-8e79-4802c45c472e","name":"The Transporter","description":"Moving filled chests and drawers is a pain. But, if you act now you can move full inventories with the Chest Transporter!","x":55,"y":64,"icon":{"id":"chesttransporter:chesttransporter_iron"},"prerequisites":["cdc08bf1-034b-4062-8b80-4b9475faabb1"],"trigger":"ANTI_TRIGGER","tasks":[{"type":"CRAFT","items":[{"item":{"id":"chesttransporter:chesttransporter"}}]}],"reward":[{"id":"chesttransporter:chesttransporter_iron"}],"commandrewards":[]},{"uuid":"982cd719-0004-4145-b821-9d9f62f6ee3f","name":"Treated Wood","description":"Treated Wood is another crafting material needed for a number of recipes. Use the Creosote Oil you have acquired to treat planks and obtain Treated Wood. You can break it down into sticks if needed.","x":115,"y":70,"icon":{"id":"immersiveengineering:treatedWood"},"prerequisites":["884276ba-b2e3-44ae-a93d-e6d6ca64350b"],"trigger":"ANTI_TRIGGER","tasks":[{"type":"CRAFT","items":[{"item":{"id":"immersiveengineering:treatedWood"},"required":8}]}],"reward":[{"id":"immersiveengineering:material","amount":8}],"rewardchoice":[{"id":"hardcorequesting:hearts"},{"id":"dungeontactics:heart_golden"},{"id":"air_support:medical_crate_drop_remote"}],"commandrewards":[]},{"uuid":"43de9bee-5ddf-48b7-ae9a-39372ad5138b","name":"Defend Your Ramp!","description":"When powered, the Disposable Item Turret will fire any item as a projectile. Be careful, the damage output is pretty low!","x":20,"y":118,"icon":{"id":"openmodularturrets:disposable_item_turret"},"prerequisites":["4fe1744c-f468-4ed4-83a5-3bb58e343848"],"trigger":"ANTI_TRIGGER","tasks":[{"type":"CRAFT","items":[{"item":{"id":"openmodularturrets:disposable_item_turret"}},{"item":{"id":"openmodularturrets:turret_base"}}]}],"reward":[{"id":"openmodularturrets:potato_cannon_turret"},{"id":"openmodularturrets:turret_base"}],"commandrewards":[]},{"uuid":"a1938528-709e-479e-b1c0-098ed7cd8ba9","name":"String Of Pearls","description":"Seeking out Herobrine for Ender Pearls may not be a safe way, so instead, you can try and grow your own! Fill the Stone Barrel with Lava and right-click on it with Glowstone to create End Stone. Then plant the Ender Lily on top to start growing!","x":80,"y":142,"icon":{"id":"extrautils2:enderlilly"},"prerequisites":["712233dd-db58-405f-923a-eff57d907268"],"trigger":"ANTI_TRIGGER","tasks":[{"type":"DETECT","items":[{"item":{"id":"minecraft:end_stone"},"required":8}]}],"reward":[{"id":"extrautils2:enderlilly"}],"commandrewards":[]},{"uuid":"12dec8b1-879b-49d5-81e9-2229748f0fd6","name":"Steel The Night!","description":"Start your Blast Furnace up and acquire some Steel Ingots!","x":198,"y":43,"icon":{"id":"immersiveengineering:metal","damage":8},"prerequisites":["94739601-eea7-4c9a-b114-ef9a901cbb89"],"trigger":"ANTI_TRIGGER","tasks":[{"type":"DETECT","items":[{"item":{"id":"immersiveengineering:metal","damage":8},"required":8,"precision":"ORE_DICTIONARY"}]}],"reward":[{"id":"immersiveengineering:metalDecoration0","damage":5},{"id":"immersiveengineering:metal","damage":8,"amount":8}],"rewardchoice":[{"id":"hardcorequesting:hearts"},{"id":"dungeontactics:heart_golden"},{"id":"minecraft:experience_bottle","amount":4}],"commandrewards":[]},{"uuid":"51606c31-91d2-4af7-bc14-d62c5e42d7be","name":"Tough As Nails","description":"Obsidian is a tough material that\u0027s blast resistant. You may want to grab a bunch to protect yourself! Obsidian can be obtained in the world, or by placing a water source above a Barrel filled with Lava.","x":149,"y":142,"icon":{"id":"minecraft:obsidian"},"prerequisites":["712233dd-db58-405f-923a-eff57d907268"],"tasks":[{"type":"DETECT","items":[{"item":{"id":"minecraft:obsidian"},"required":8}]}],"reward":[{"id":"morefurnaces:furnaceBlock","damage":3}],"commandrewards":[]},{"uuid":"884276ba-b2e3-44ae-a93d-e6d6ca64350b","name":"Fuel Reserves","description":"Coal Coke has an increased cooking time, this will help increase the amount of available fuel in storage. Coal Coke can also be obtained through cooking Logs into Charcoal and then again to Coal Coke.","x":91,"y":70,"icon":{"id":"immersiveengineering:material","damage":6},"prerequisites":["8e3aeaab-598b-4666-a099-362052d550e0"],"tasks":[{"type":"DETECT","items":[{"item":{"id":"immersiveengineering:material","damage":6},"required":8}]}],"reward":[{"id":"immersiveengineering:stoneDecoration","damage":3,"amount":4}],"commandrewards":[]},{"uuid":"82f92e5e-1cb4-4b99-819f-8ec3926d05f3","name":"Shots Fired!","description":"Bows and Crossbows aren\u0027t cutting it anymore. It\u0027s time to step up your game with a Revolver!","x":198,"y":70,"icon":{"id":"immersiveengineering:revolver"},"prerequisites":["12dec8b1-879b-49d5-81e9-2229748f0fd6"],"trigger":"ANTI_TRIGGER","tasks":[{"type":"CRAFT","items":[{"item":{"id":"immersiveengineering:material","damage":15}},{"item":{"id":"immersiveengineering:material","damage":14}},{"item":{"id":"immersiveengineering:material","damage":16}},{"item":{"id":"immersiveengineering:material","damage":13}}]}],"reward":[{"id":"immersiveengineering:revolver"},{"id":"immersiveengineering:bullet","damage":2,"amount":16,"nbt":"{bullet:\"casull\"}"}],"commandrewards":[]},{"uuid":"8c179431-c09b-42eb-8e3c-0035031f085b","name":"Oil Extraction","description":"Creosote Oil is necesary for a number of recipes, including fused quartz. Get yourself a few bottles to begin crafting.","x":115,"y":43,"icon":{"id":"ceramics:clay_bucket","nbt":"{fluids:{FluidName:\"creosote\",Amount:1000}}"},"prerequisites":["8e3aeaab-598b-4666-a099-362052d550e0"],"trigger":"ANTI_TRIGGER","tasks":[{"type":"DETECT","items":[{"item":{"id":"ceramics:clay_bucket","nbt":"{fluids:{FluidName:\"creosote\",Amount:1000}}"}}]}],"reward":[{"id":"enderio:blockFusedQuartz"}],"commandrewards":[]},{"uuid":"bfc0a370-1ddb-4db5-870b-124ec2b0ee6f","name":"Redstone Shortage","description":"It seems like Redstone is a bit short these days. You\u0027ll have to take some of these Orchids and try to grow some instead. Plant the Orchids on Redstone Ore Blocks to grow Redstone Dust.","x":103,"y":142,"icon":{"id":"extrautils2:redorchid"},"prerequisites":["712233dd-db58-405f-923a-eff57d907268"],"tasks":[{"type":"DETECT","items":[{"item":{"id":"minecraft:stone"},"required":4},{"item":{"id":"extrautils2:ingredients"}},{"item":{"id":"minecraft:dye","damage":1},"required":4}]}],"reward":[{"id":"minecraft:redstone_ore","amount":4},{"id":"extrautils2:redorchid","amount":4}],"rewardchoice":[{"id":"hardcorequesting:hearts"},{"id":"dungeontactics:heart_golden"},{"id":"minecraft:experience_bottle","amount":4}],"commandrewards":[]},{"uuid":"8e3aeaab-598b-4666-a099-362052d550e0","name":"Cook That Coal","description":"Cook That Coal. The Coke Oven needs 27 Total Coke Bricks in a 3x3x3 structure. Then, right-click using the Engineer\u0027s Hammer to convert it into a Coke Oven.","x":91,"y":43,"icon":{"id":"immersiveengineering:stoneDecoration"},"prerequisites":["80c50b37-be73-40ec-8a5b-cc7273984b18"],"trigger":"ANTI_TRIGGER","tasks":[{"type":"CRAFT","items":[{"item":{"id":"immersiveengineering:stoneDecoration"},"required":4}]}],"reward":[{"id":"minecraft:coal_block","amount":4}],"commandrewards":[]},{"uuid":"0d554eb8-0cff-4544-bff8-803901a14596","name":"Nether Stuffs","description":"The Nether has been shut down until further notice leaving you only able to craft netherrack. Use the barrel method to acquire some netherrack which can also be cooked into Nether Bricks for recipes.","x":126,"y":142,"icon":{"id":"minecraft:netherrack"},"prerequisites":["712233dd-db58-405f-923a-eff57d907268"],"trigger":"ANTI_TRIGGER","tasks":[{"type":"DETECT","items":[{"item":{"id":"minecraft:netherrack"},"required":8}]}],"reward":[{"id":"minecraft:netherrack","amount":24}],"rewardchoice":[{"id":"hardcorequesting:hearts"},{"id":"minecraft:experience_bottle","amount":8},{"id":"air_support:medical_crate_drop_remote"}],"commandrewards":[]},{"uuid":"1953a4f4-007a-4097-b8f7-b5fa7806a471","name":"Metal Plates","description":"As you\u0027ve noticed, Metal Plates are needed for many important recipes. The first thing you\u0027ll need is the Plate Mold for the Metal Press Multi-Block structure.","x":222,"y":43,"icon":{"id":"immersiveengineering:mold"},"prerequisites":["12dec8b1-879b-49d5-81e9-2229748f0fd6"],"trigger":"ANTI_TRIGGER","tasks":[{"type":"CRAFT","items":[{"item":{"id":"immersiveengineering:mold"}}]}],"reward":[{"id":"immersiveengineering:mold","damage":4},{"id":"immersiveengineering:mold","damage":2},{"id":"immersiveengineering:mold","damage":3},{"id":"minecraft:piston"}],"commandrewards":[]},{"uuid":"a1ee8e89-eda7-4ddc-a721-f2443acf55df","name":"Let Me Transfer You","description":"Now that you\u0027re progressing a bit more and decorating your base, you\u0027ll want some pipes to move liquids around. Use the transfer nodes and pipes to help out!","x":138,"y":96,"icon":{"id":"extrautils2:grocket","damage":2},"prerequisites":["ad4bedff-068c-4976-83fc-bae8bbc614c8"],"trigger":"ANTI_TRIGGER","tasks":[{"type":"CRAFT","items":[{"item":{"id":"extrautils2:grocket","damage":2}}]}],"reward":[{"id":"extrautils2:pipe","amount":16}],"commandrewards":[]},{"uuid":"2c041012-ddea-48b7-9344-f327ea34fab0","name":"Rise Up Lights!","description":"Razor Wire is an upgraded type of Barbed Wire that can be electrified to provide defenses for your base! (Need to move your Barbed Wire? Use the Engineer\u0027s Wire Cutters)","x":222,"y":17,"icon":{"id":"immersiveengineering:metalDecoration2","damage":5},"prerequisites":["ac150a51-498f-4fa0-ac28-0b6d9d4ebcab"],"tasks":[{"type":"CRAFT","items":[{"item":{"id":"immersiveengineering:metalDecoration2","damage":5},"required":3}]}],"reward":[{"id":"immersiveengineering:metalDecoration2","damage":5,"amount":8},{"id":"immersiveengineering:tool","damage":1}],"commandrewards":[]},{"uuid":"80c50b37-be73-40ec-8a5b-cc7273984b18","name":"Read The Manual!","description":"If you want to increase your productivity, you\u0027ll need this manual to study up on the machines you\u0027ll have to build. Keep it safe!","x":67,"y":43,"icon":{"id":"immersiveengineering:tool","damage":3},"prerequisites":["e068b0cb-2444-4a79-a607-c53f0d87fecf"],"trigger":"ANTI_TRIGGER","tasks":[{"type":"DETECT","items":[{"item":{"id":"immersiveengineering:tool","damage":3}}]}],"reward":[{"id":"immersiveengineering:blueprint","nbt":"{blueprint:\"bullet\"}"},{"id":"immersiveengineering:blueprint","nbt":"{blueprint:\"specialBullet\"}"},{"id":"immersiveengineering:blueprint","nbt":"{blueprint:\"electrode\"}"}],"commandrewards":[]},{"uuid":"90b8beaa-fe1b-495b-9247-c8ca20470a56","name":"A Metal Bucket","description":"Clay Buckets aren\u0027t cutting it anymore, you\u0027ll want something a little more durable. Use your new Metal Press machine to create the necessary resources for a Metal Bucket.","x":246,"y":17,"icon":{"id":"minecraft:bucket"},"prerequisites":["ac150a51-498f-4fa0-ac28-0b6d9d4ebcab"],"trigger":"ANTI_TRIGGER","tasks":[{"type":"CRAFT","items":[{"item":{"id":"minecraft:bucket"}}]}],"reward":[{"id":"minecraft:water_bucket"}],"rewardchoice":[{"id":"hardcorequesting:hearts"},{"id":"dungeontactics:heart_golden"},{"id":"minecraft:experience_bottle","amount":4}],"commandrewards":[]},{"uuid":"09c4fa1c-237a-42e3-bfe6-b41c3b4750ba","name":"AmmuNation","description":"You\u0027ll need to load up your new Revolver with some powerful ammo. Craft the Armor Piercing Cartridge using the Engineer\u0027s Workbench and the Common Projectiles blueprint.","x":198,"y":95,"icon":{"id":"immersiveengineering:woodenDevice0","damage":2},"prerequisites":["82f92e5e-1cb4-4b99-819f-8ec3926d05f3"],"trigger":"ANTI_TRIGGER","tasks":[{"type":"DETECT","items":[{"item":{"id":"immersiveengineering:bullet","damage":2,"nbt":"{bullet:\"armorPiercing\"}"},"required":16}]}],"reward":[{"id":"immersiveengineering:bullet","damage":2,"amount":16,"nbt":"{bullet:\"armorPiercing\"}"}],"rewardchoice":[{"id":"immersiveengineering:toolupgrade","damage":4},{"id":"immersiveengineering:toolupgrade","damage":5}],"commandrewards":[]}],"reputationBar":[]}