{"name":"Scrapping","description":"Resources are short, so start scrapping what you have","quests":[{"uuid":"afa27183-7bef-498e-94cb-8c324f966037","name":"Leather Recycling","description":"Leather Armor can be turned back into pieces of Leather.","x":95,"y":15,"icon":{"id":"minecraft:leather_leggings","nbt":"{ENABLED:1b,RARITY:1}"},"prerequisites":["5ea259ee-1c6e-43b0-bda0-9666e0d8d0d0"],"trigger":"ANTI_TRIGGER","tasks":[{"type":"DETECT","items":[{"item":{"id":"minecraft:leather_leggings","nbt":"{ENABLED:1b,RARITY:1}"},"precision":"NBT_FUZZY"}]}],"reward":[{"id":"minecraft:leather","amount":4}],"commandrewards":[]},{"uuid":"d28ed1b8-cf4a-43b8-b062-dfc4221e9fff","name":"Iron Recycling","description":"Iron Armor can be turned back into pieces of Iron.","x":95,"y":194,"icon":{"id":"minecraft:iron_leggings"},"prerequisites":["5ea259ee-1c6e-43b0-bda0-9666e0d8d0d0"],"trigger":"ANTI_TRIGGER","tasks":[{"type":"DETECT","items":[{"item":{"id":"minecraft:iron_leggings"},"precision":"NBT_FUZZY"}]}],"reward":[{"id":"exnihiloadscensio:itemOreIron","amount":16}],"commandrewards":[]},{"uuid":"2ff10985-7e2d-4a44-b4d7-127d9c272adf","name":"Reclamation","description":"Use your Wire Cutters to break down tools into raw resources.","x":268,"y":152,"icon":{"id":"minecraft:iron_shovel"},"prerequisites":["5ea259ee-1c6e-43b0-bda0-9666e0d8d0d0"],"trigger":"ANTI_TRIGGER","tasks":[{"type":"DETECT","items":[{"item":{"id":"minecraft:iron_shovel"},"precision":"NBT_FUZZY"}]}],"reward":[{"id":"exnihiloadscensio:itemOreIron","amount":8}],"commandrewards":[]},{"uuid":"80e0cd40-d2b3-4aec-9d27-6c50f10b4081","name":"Iron Recycling","description":"Iron Armor can be turned back into pieces of Iron.","x":143,"y":193,"icon":{"id":"minecraft:iron_helmet"},"prerequisites":["5ea259ee-1c6e-43b0-bda0-9666e0d8d0d0"],"trigger":"ANTI_TRIGGER","tasks":[{"type":"DETECT","items":[{"item":{"id":"minecraft:iron_helmet"},"precision":"NBT_FUZZY"}]}],"reward":[{"id":"exnihiloadscensio:itemOreIron","amount":16}],"commandrewards":[]},{"uuid":"39b4f976-dd33-43b5-b673-7ed3a8cd8e1e","name":"Reclamation","description":"Use your Wire Cutters to break down tools into raw resources.","x":268,"y":179,"icon":{"id":"minecraft:iron_hoe"},"prerequisites":["5ea259ee-1c6e-43b0-bda0-9666e0d8d0d0"],"trigger":"ANTI_TRIGGER","tasks":[{"type":"DETECT","items":[{"item":{"id":"minecraft:iron_hoe"},"precision":"NBT_FUZZY"}]}],"reward":[{"id":"exnihiloadscensio:itemOreIron","amount":8}],"commandrewards":[]},{"uuid":"1feeada1-10ef-4ac2-ba79-e5d7bd7062c7","name":"Leather Recycling","description":"Leather Armor can be turned back into pieces of Leather.","x":119,"y":15,"icon":{"id":"minecraft:leather_chestplate","nbt":"{ENABLED:1b,RARITY:1}"},"prerequisites":["5ea259ee-1c6e-43b0-bda0-9666e0d8d0d0"],"trigger":"ANTI_TRIGGER","tasks":[{"type":"DETECT","items":[{"item":{"id":"minecraft:leather_chestplate","nbt":"{ENABLED:1b,RARITY:1}"},"precision":"NBT_FUZZY"}]}],"reward":[{"id":"minecraft:leather","amount":4}],"commandrewards":[]},{"uuid":"8e44f02f-5797-420e-a31d-9361b6048ec8","name":"Reclamation","description":"Diamond Tools can be turned back into Diamond Nuggets using Iron Wire Cutters... Don\u0027t question it!","x":245,"y":165,"icon":{"id":"minecraft:diamond_shovel"},"prerequisites":["5ea259ee-1c6e-43b0-bda0-9666e0d8d0d0"],"trigger":"ANTI_TRIGGER","tasks":[{"type":"DETECT","items":[{"item":{"id":"minecraft:diamond_shovel"},"precision":"NBT_FUZZY"}]}],"reward":[{"id":"translocator:diamondNugget","amount":8}],"commandrewards":[]},{"uuid":"8ad89233-d8bb-4ab9-ab41-cdb336843cf0","name":"Reclamation","description":"Use your Wire Cutters to break down tools into raw resources.","x":290,"y":139,"icon":{"id":"minecraft:golden_axe","nbt":"{ENABLED:1b,RARITY:2}"},"prerequisites":["5ea259ee-1c6e-43b0-bda0-9666e0d8d0d0"],"trigger":"ANTI_TRIGGER","tasks":[{"type":"DETECT","items":[{"item":{"id":"minecraft:golden_axe","nbt":"{ENABLED:1b,RARITY:2}"},"precision":"NBT_FUZZY"}]}],"reward":[{"id":"exnihiloadscensio:itemOreGold","amount":8}],"commandrewards":[]},{"uuid":"5f24193b-9fc9-4907-9979-be9dd68c1bba","name":"Gold Recycling","description":"Golden Armor can be turned back into pieces of Gold.","x":172,"y":15,"icon":{"id":"minecraft:golden_helmet","nbt":"{ENABLED:1b,RARITY:1}"},"prerequisites":["5ea259ee-1c6e-43b0-bda0-9666e0d8d0d0"],"trigger":"ANTI_TRIGGER","tasks":[{"type":"DETECT","items":[{"item":{"id":"minecraft:golden_helmet","nbt":"{ENABLED:1b,RARITY:1}"},"precision":"NBT_FUZZY"}]}],"reward":[{"id":"exnihiloadscensio:itemOreGold","amount":16}],"commandrewards":[]},{"uuid":"5e0ccc94-712f-4450-bdef-195a2c71edb0","name":"Iron Recycling","description":"Iron Armor can be turned back into pieces of Iron.","x":119,"y":194,"icon":{"id":"minecraft:iron_chestplate"},"prerequisites":["5ea259ee-1c6e-43b0-bda0-9666e0d8d0d0"],"trigger":"ANTI_TRIGGER","tasks":[{"type":"DETECT","items":[{"item":{"id":"minecraft:iron_chestplate"},"precision":"NBT_FUZZY"}]}],"reward":[{"id":"exnihiloadscensio:itemOreIron","amount":16}],"commandrewards":[]},{"uuid":"e3ee09f6-6cef-46ba-a4a5-b047143aad47","name":"Reclamation","description":"The Cauldrons you find can be broken into Iron Pieces when placed on a Chopping Block.","x":290,"y":58,"icon":{"id":"minecraft:cauldron"},"prerequisites":["5ea259ee-1c6e-43b0-bda0-9666e0d8d0d0"],"trigger":"ANTI_TRIGGER","tasks":[{"type":"DETECT","items":[{"item":{"id":"minecraft:cauldron"}}]}],"reward":[{"id":"exnihiloadscensio:itemOreIron","amount":16}],"commandrewards":[]},{"uuid":"0acf6a36-474b-4105-912e-ab27c2001660","name":"Diamond Recycling","description":"Diamond Armor can be turned back into Diamond Nuggets using Iron Wire Cutters... Don\u0027t question it!","x":47,"y":70,"icon":{"id":"minecraft:diamond_chestplate","nbt":"{ENABLED:1b,RARITY:2}"},"prerequisites":["5ea259ee-1c6e-43b0-bda0-9666e0d8d0d0"],"trigger":"ANTI_TRIGGER","tasks":[{"type":"DETECT","items":[{"item":{"id":"minecraft:diamond_chestplate","nbt":"{ENABLED:1b,RARITY:2}"},"precision":"NBT_FUZZY"}]}],"reward":[{"id":"translocator:diamondNugget","amount":16}],"commandrewards":[]},{"uuid":"b4c5e3f6-843b-469f-981d-c2ae60d69efe","name":"Leather Recycling","description":"Leather Armor can be turned back into pieces of Leather.","x":143,"y":15,"icon":{"id":"minecraft:leather_helmet","nbt":"{ENABLED:1b,RARITY:3}"},"prerequisites":["5ea259ee-1c6e-43b0-bda0-9666e0d8d0d0"],"trigger":"ANTI_TRIGGER","tasks":[{"type":"DETECT","items":[{"item":{"id":"minecraft:leather_helmet","nbt":"{ENABLED:1b,RARITY:1}"},"precision":"NBT_FUZZY"}]}],"reward":[{"id":"minecraft:leather","amount":4}],"commandrewards":[]},{"uuid":"723cfb30-92b6-4a69-ae92-0b4b38d401b4","name":"Reclamation","description":"Diamond Tools can be turned back into Diamond Nuggets using Iron Wire Cutters... Don\u0027t question it!","x":245,"y":191,"icon":{"id":"minecraft:diamond_hoe"},"prerequisites":["5ea259ee-1c6e-43b0-bda0-9666e0d8d0d0"],"trigger":"ANTI_TRIGGER","tasks":[{"type":"DETECT","items":[{"item":{"id":"minecraft:diamond_hoe"},"precision":"NBT_FUZZY"}]}],"reward":[{"id":"translocator:diamondNugget","amount":8}],"commandrewards":[]},{"uuid":"802ef94a-ab0c-4527-be00-845b558a2bae","name":"Gold Recycling","description":"Golden Armor can be turned back into pieces of Gold.","x":244,"y":15,"icon":{"id":"minecraft:golden_boots","nbt":"{ENABLED:1b,RARITY:1}"},"prerequisites":["5ea259ee-1c6e-43b0-bda0-9666e0d8d0d0"],"trigger":"ANTI_TRIGGER","tasks":[{"type":"DETECT","items":[{"item":{"id":"minecraft:golden_boots","nbt":"{ENABLED:1b,RARITY:1}"},"precision":"NBT_FUZZY"}]}],"reward":[{"id":"exnihiloadscensio:itemOreGold","amount":16}],"commandrewards":[]},{"uuid":"86dc881b-0be8-4756-aa61-77ba313c5ee7","name":"Gold Recycling","description":"Golden Horse Armor can be turned back into pieces of Gold.","x":268,"y":15,"icon":{"id":"minecraft:golden_horse_armor"},"prerequisites":["5ea259ee-1c6e-43b0-bda0-9666e0d8d0d0"],"trigger":"ANTI_TRIGGER","tasks":[{"type":"DETECT","items":[{"item":{"id":"minecraft:golden_horse_armor"}}]}],"reward":[{"id":"exnihiloadscensio:itemOreGold","amount":16}],"commandrewards":[]},{"uuid":"0e0aee4b-edf3-400a-9ae5-c9981d6ca1cc","name":"Reclamation","description":"Use your Wire Cutters to break down tools into raw resources.","x":268,"y":71,"icon":{"id":"minecraft:iron_sword","nbt":"{ENABLED:1b,RARITY:1}"},"prerequisites":["5ea259ee-1c6e-43b0-bda0-9666e0d8d0d0"],"trigger":"ANTI_TRIGGER","tasks":[{"type":"DETECT","items":[{"item":{"id":"minecraft:iron_sword","nbt":"{ENABLED:1b,RARITY:1}"},"precision":"NBT_FUZZY"}]}],"reward":[{"id":"exnihiloadscensio:itemOreIron","amount":8}],"commandrewards":[]},{"uuid":"d03fa0ff-3f66-47c0-8818-403ea2d3583b","name":"Leather Recycling","description":"Leather Saddles can be turned back into pieces of Leather.","x":47,"y":15,"icon":{"id":"minecraft:saddle"},"prerequisites":["5ea259ee-1c6e-43b0-bda0-9666e0d8d0d0"],"trigger":"ANTI_TRIGGER","tasks":[{"type":"DETECT","items":[{"item":{"id":"minecraft:saddle"}}]}],"reward":[{"id":"minecraft:leather","amount":4}],"commandrewards":[]},{"uuid":"0c3b4d6c-1cc9-4835-a4cf-5194b6be0c14","name":"Reclamation","description":"Use your Wire Cutters to break down tools into raw resources.","x":290,"y":85,"icon":{"id":"minecraft:golden_sword","nbt":"{ENABLED:1b,RARITY:1}"},"prerequisites":["5ea259ee-1c6e-43b0-bda0-9666e0d8d0d0"],"trigger":"ANTI_TRIGGER","tasks":[{"type":"DETECT","items":[{"item":{"id":"minecraft:golden_sword","nbt":"{ENABLED:1b,RARITY:1}"},"precision":"NBT_FUZZY"}]}],"reward":[{"id":"exnihiloadscensio:itemOreGold","amount":8}],"commandrewards":[]},{"uuid":"872044b5-81a2-4275-a5ba-bafa5ebe4f59","name":"Gold Recycling","description":"Golden Armor can be turned back into pieces of Gold.","x":196,"y":15,"icon":{"id":"minecraft:golden_chestplate","nbt":"{ENABLED:1b,RARITY:1}"},"prerequisites":["5ea259ee-1c6e-43b0-bda0-9666e0d8d0d0"],"trigger":"ANTI_TRIGGER","tasks":[{"type":"DETECT","items":[{"item":{"id":"minecraft:golden_chestplate","nbt":"{ENABLED:1b,RARITY:1}"},"precision":"NBT_FUZZY"}]}],"reward":[{"id":"exnihiloadscensio:itemOreGold","amount":16}],"commandrewards":[]},{"uuid":"642422b8-3f94-424e-b481-16f0b7386e56","name":"Reclamation","description":"Use your Wire Cutters to break down tools into raw resources.","x":290,"y":112,"icon":{"id":"minecraft:golden_pickaxe"},"prerequisites":["5ea259ee-1c6e-43b0-bda0-9666e0d8d0d0"],"trigger":"ANTI_TRIGGER","tasks":[{"type":"DETECT","items":[{"item":{"id":"minecraft:golden_pickaxe"},"precision":"NBT_FUZZY"}]}],"reward":[{"id":"exnihiloadscensio:itemOreGold","amount":8}],"commandrewards":[]},{"uuid":"2397e01a-ec28-4515-ab8f-2a7db6ae2ce0","name":"Reclamation","description":"Diamond Tools can be turned back into Diamond Nuggets using Iron Wire Cutters... Don\u0027t question it!","x":245,"y":111,"icon":{"id":"minecraft:diamond_pickaxe"},"prerequisites":["5ea259ee-1c6e-43b0-bda0-9666e0d8d0d0"],"trigger":"ANTI_TRIGGER","tasks":[{"type":"DETECT","items":[{"item":{"id":"minecraft:diamond_pickaxe"},"precision":"NBT_FUZZY"}]}],"reward":[{"id":"translocator:diamondNugget","amount":8}],"commandrewards":[]},{"uuid":"9322cae2-a00b-445f-8236-4809cf6e044b","name":"Diamond Recycling","description":"Diamond Armor can be turned back into Diamond Nuggets using Iron Wire Cutters... Don\u0027t question it!","x":47,"y":97,"icon":{"id":"minecraft:diamond_leggings","nbt":"{ENABLED:1b,RARITY:2}"},"prerequisites":["5ea259ee-1c6e-43b0-bda0-9666e0d8d0d0"],"trigger":"ANTI_TRIGGER","tasks":[{"type":"DETECT","items":[{"item":{"id":"minecraft:diamond_leggings","nbt":"{ENABLED:1b,RARITY:2}"},"precision":"NBT_FUZZY"}]}],"reward":[{"id":"translocator:diamondNugget","amount":16}],"commandrewards":[]},{"uuid":"757d218f-e2cb-4362-ae77-a22cb7957c62","name":"Reclamation","description":"Diamond Tools can be turned back into Diamond Nuggets using Iron Wire Cutters... Don\u0027t question it!","x":245,"y":85,"icon":{"id":"minecraft:diamond_sword","nbt":"{ENABLED:1b,RARITY:1}"},"prerequisites":["5ea259ee-1c6e-43b0-bda0-9666e0d8d0d0"],"trigger":"ANTI_TRIGGER","tasks":[{"type":"DETECT","items":[{"item":{"id":"minecraft:diamond_sword","nbt":"{ENABLED:1b,RARITY:3}"},"precision":"NBT_FUZZY"}]}],"reward":[{"id":"translocator:diamondNugget","amount":8}],"commandrewards":[]},{"uuid":"98129dc9-83a9-4088-87dd-20a96ee93e7f","name":"Leather Recycling","description":"Leather Armor can be turned back into pieces of Leather.","x":71,"y":15,"icon":{"id":"minecraft:leather_boots"},"prerequisites":["5ea259ee-1c6e-43b0-bda0-9666e0d8d0d0"],"trigger":"ANTI_TRIGGER","tasks":[{"type":"DETECT","items":[{"item":{"id":"minecraft:leather_boots","nbt":"{ENABLED:1b,RARITY:2}"},"precision":"NBT_FUZZY"}]}],"reward":[{"id":"minecraft:leather","amount":4}],"commandrewards":[]},{"uuid":"cbb99ebc-6087-452c-8bb1-e4170ca52b6b","name":"Iron Recycling","description":"Iron Horse Armor can be turned back into pieces of Iron.","x":47,"y":194,"icon":{"id":"minecraft:iron_horse_armor"},"prerequisites":["5ea259ee-1c6e-43b0-bda0-9666e0d8d0d0"],"trigger":"ANTI_TRIGGER","tasks":[{"type":"DETECT","items":[{"item":{"id":"minecraft:iron_horse_armor"}}]}],"reward":[{"id":"exnihiloadscensio:itemOreIron","amount":16}],"commandrewards":[]},{"uuid":"451e4a1f-917d-46aa-8762-7a715fd8c0a9","name":"Reclamation","description":"Chests you find can be broken into Planks when placed on a Chopping Block.","x":245,"y":57,"icon":{"id":"minecraft:chest"},"prerequisites":["5ea259ee-1c6e-43b0-bda0-9666e0d8d0d0"],"trigger":"ANTI_TRIGGER","tasks":[{"type":"DETECT","items":[{"item":{"id":"minecraft:chest"}}]}],"reward":[{"id":"minecraft:planks","amount":8}],"commandrewards":[]},{"uuid":"e73c6eba-b2d2-432a-982f-9a77cab3a32b","name":"Tin Can Recycling","description":"Empty Cans can be turned back into nuggets.","x":172,"y":193,"icon":{"id":"littlelooter:can_empty"},"prerequisites":["5ea259ee-1c6e-43b0-bda0-9666e0d8d0d0"],"trigger":"ANTI_TRIGGER","tasks":[{"type":"DETECT","items":[{"item":{"id":"littlelooter:can_empty","damage":1}}]}],"reward":[{"id":"immersiveengineering:metal","damage":29,"amount":4}],"commandrewards":[]},{"uuid":"9443ceb9-0874-4401-9b3f-30fef1a57042","name":"Reclamation","description":"Diamond Tools can be turned back into Diamond Nuggets using Iron Wire Cutters... Don\u0027t question it!","x":245,"y":138,"icon":{"id":"minecraft:diamond_axe","nbt":"{ENABLED:1b,RARITY:2}"},"prerequisites":["5ea259ee-1c6e-43b0-bda0-9666e0d8d0d0"],"trigger":"ANTI_TRIGGER","tasks":[{"type":"DETECT","items":[{"item":{"id":"minecraft:diamond_axe","nbt":"{ENABLED:1b,RARITY:2}"},"precision":"NBT_FUZZY"}]}],"reward":[{"id":"translocator:diamondNugget","amount":8}],"commandrewards":[]},{"uuid":"d5d899c6-f0c0-4145-b383-416f57f82c93","name":"Gold Recycling","description":"Golden Armor can be turned back into pieces of Gold.","x":220,"y":15,"icon":{"id":"minecraft:golden_leggings","nbt":"{ENABLED:1b,RARITY:1}"},"prerequisites":["5ea259ee-1c6e-43b0-bda0-9666e0d8d0d0"],"trigger":"ANTI_TRIGGER","tasks":[{"type":"DETECT","items":[{"item":{"id":"minecraft:golden_leggings","nbt":"{ENABLED:1b,RARITY:1}"},"precision":"NBT_FUZZY"}]}],"reward":[{"id":"exnihiloadscensio:itemOreGold","amount":16}],"commandrewards":[]},{"uuid":"7b641d9a-7792-4d97-8a87-7c05f75161bc","name":"Diamond Recycling","description":"Diamond Armor can be turned back into Diamond Nuggets using Iron Wire Cutters... Don\u0027t question it!","x":47,"y":43,"icon":{"id":"minecraft:diamond_helmet","nbt":"{ENABLED:1b,RARITY:2}"},"prerequisites":["5ea259ee-1c6e-43b0-bda0-9666e0d8d0d0"],"trigger":"ANTI_TRIGGER","tasks":[{"type":"DETECT","items":[{"item":{"id":"minecraft:diamond_helmet","nbt":"{ENABLED:1b,RARITY:2}"},"precision":"NBT_FUZZY"}]}],"reward":[{"id":"translocator:diamondNugget","amount":16}],"commandrewards":[]},{"uuid":"e76f217e-f620-4900-bf31-657bfc2899cf","name":"Reclamation","description":"Use your Wire Cutters to break down tools into raw resources.","x":290,"y":192,"icon":{"id":"minecraft:golden_hoe"},"prerequisites":["5ea259ee-1c6e-43b0-bda0-9666e0d8d0d0"],"trigger":"ANTI_TRIGGER","tasks":[{"type":"DETECT","items":[{"item":{"id":"minecraft:golden_hoe"},"precision":"NBT_FUZZY"}]}],"reward":[{"id":"exnihiloadscensio:itemOreGold","amount":8}],"commandrewards":[]},{"uuid":"897812e9-69ce-47f0-a100-ac2c579030d7","name":"Reclamation","description":"Use your Wire Cutters to break down tools into raw resources.","x":290,"y":166,"icon":{"id":"minecraft:golden_shovel"},"prerequisites":["5ea259ee-1c6e-43b0-bda0-9666e0d8d0d0"],"trigger":"ANTI_TRIGGER","tasks":[{"type":"DETECT","items":[{"item":{"id":"minecraft:golden_shovel"},"precision":"NBT_FUZZY"}]}],"reward":[{"id":"exnihiloadscensio:itemOreGold","amount":8}],"commandrewards":[]},{"uuid":"60a0c350-feb5-403e-a434-842340743adc","name":"Tin Pop Can Recycling","description":"Empty Cans can be turned back into nuggets.","x":196,"y":193,"icon":{"id":"littlelooter:soda_empty"},"prerequisites":["5ea259ee-1c6e-43b0-bda0-9666e0d8d0d0"],"trigger":"ANTI_TRIGGER","tasks":[{"type":"DETECT","items":[{"item":{"id":"littlelooter:soda_empty"}}]}],"reward":[{"id":"immersiveengineering:metal","damage":29,"amount":4}],"commandrewards":[]},{"uuid":"5ea259ee-1c6e-43b0-bda0-9666e0d8d0d0","name":"Cut It Out","description":"There are so few resources laying around and you might have to repurpose some old stuff to scrap. Use the wire cutters to extract resources from some of the random items you may have laying around.","x":152,"y":90,"icon":{"id":"immersiveengineering:tool","damage":1},"prerequisites":["19535f03-f2cc-4dfd-bebd-60adfa46599a"],"trigger":"ANTI_TRIGGER","tasks":[{"type":"CRAFT","items":[{"item":{"id":"immersiveengineering:tool","damage":1},"precision":"ORE_DICTIONARY"}]}],"reward":[{"id":"minecraft:leather_helmet"}],"commandrewards":[]},{"uuid":"00e6975c-82eb-4c43-925a-03ef29e2a04e","name":"Reclamation","x":268,"y":125,"icon":{"id":"minecraft:iron_axe","nbt":"{ENABLED:1b,RARITY:1}"},"prerequisites":["5ea259ee-1c6e-43b0-bda0-9666e0d8d0d0"],"trigger":"ANTI_TRIGGER","tasks":[{"type":"DETECT","items":[{"item":{"id":"minecraft:iron_axe","nbt":"{ENABLED:1b,RARITY:1}"},"precision":"NBT_FUZZY"}]}],"reward":[{"id":"exnihiloadscensio:itemOreIron","amount":8}],"commandrewards":[]},{"uuid":"af51e448-2129-401d-8fcd-74a34c146731","name":"Diamond Recycling","description":"Diamond Horse Armor can be turned back into Diamond Nuggets using Iron Wire Cutters... Don\u0027t question it!","x":47,"y":151,"icon":{"id":"minecraft:diamond_horse_armor"},"prerequisites":["5ea259ee-1c6e-43b0-bda0-9666e0d8d0d0"],"trigger":"ANTI_TRIGGER","tasks":[{"type":"DETECT","items":[{"item":{"id":"minecraft:diamond_horse_armor"},"precision":"NBT_FUZZY"}]}],"reward":[{"id":"translocator:diamondNugget","amount":16}],"commandrewards":[]},{"uuid":"cc46f431-d23a-4b8a-b8e8-f74594faa780","name":"Reclamation","description":"The empty airdrop containers can be broken into Iron Pieces when placed on a Chopping Block.","x":268,"y":44,"icon":{"id":"littlelooter:air_drop"},"prerequisites":["5ea259ee-1c6e-43b0-bda0-9666e0d8d0d0"],"trigger":"ANTI_TRIGGER","tasks":[{"type":"DETECT","items":[{"item":{"id":"littlelooter:air_drop"}}]}],"reward":[{"id":"exnihiloadscensio:itemOreIron","amount":16}],"commandrewards":[]},{"uuid":"5fe4458b-ff9e-4a2c-8346-33bdc95b3f96","name":"Iron Recycling","description":"Iron Armor can be turned back into pieces of Iron.","x":71,"y":194,"icon":{"id":"minecraft:iron_boots","nbt":"{ENABLED:1b,RARITY:4}"},"prerequisites":["5ea259ee-1c6e-43b0-bda0-9666e0d8d0d0"],"trigger":"ANTI_TRIGGER","tasks":[{"type":"DETECT","items":[{"item":{"id":"minecraft:iron_boots","nbt":"{ENABLED:1b,RARITY:4}"},"precision":"NBT_FUZZY"}]}],"reward":[{"id":"exnihiloadscensio:itemOreIron","amount":16}],"commandrewards":[]},{"uuid":"22d466df-472d-46e7-b2f5-52bcd6d1be6f","name":"Diamond Recycling","description":"Diamond Armor can be turned back into Diamond Nuggets using Iron Wire Cutters... Don\u0027t question it!","x":47,"y":124,"icon":{"id":"minecraft:diamond_boots","nbt":"{ENABLED:1b,RARITY:1}"},"prerequisites":["5ea259ee-1c6e-43b0-bda0-9666e0d8d0d0"],"trigger":"ANTI_TRIGGER","tasks":[{"type":"DETECT","items":[{"item":{"id":"minecraft:diamond_boots","nbt":"{ENABLED:1b,RARITY:1}"},"precision":"NBT_FUZZY"}]}],"reward":[{"id":"translocator:diamondNugget","amount":16}],"commandrewards":[]},{"uuid":"05ea482e-1188-4b30-8d79-832e0884f5af","name":"Reclamation","description":"Use your Wire Cutters to break down tools into raw resources.","x":268,"y":98,"icon":{"id":"minecraft:iron_pickaxe"},"prerequisites":["5ea259ee-1c6e-43b0-bda0-9666e0d8d0d0"],"trigger":"ANTI_TRIGGER","tasks":[{"type":"DETECT","items":[{"item":{"id":"minecraft:iron_pickaxe"},"precision":"NBT_FUZZY"}]}],"reward":[{"id":"exnihiloadscensio:itemOreIron","amount":8}],"commandrewards":[]},{"uuid":"aca0b500-466b-475b-a4e8-428d1cebb841","name":"Reclamation","description":"Furnaces you find can be broken into Cobblestone when placed on a Chopping Block.","x":290,"y":29,"icon":{"id":"minecraft:furnace"},"prerequisites":["5ea259ee-1c6e-43b0-bda0-9666e0d8d0d0"],"trigger":"ANTI_TRIGGER","tasks":[{"type":"DETECT","items":[{"item":{"id":"minecraft:furnace"}}]}],"reward":[{"id":"minecraft:cobblestone","amount":8}],"commandrewards":[]}],"reputationBar":[]}