{
  "minecraft:dirt:0": [
    {
      "drop": {
        "name": "exnihiloadscensio:itemPebble",
        "meta": 0
      },
      "chance": 1.0,
      "meshLevel": 1
    },
    {
      "drop": {
        "name": "exnihiloadscensio:itemPebble",
        "meta": 0
      },
      "chance": 1.0,
      "meshLevel": 1
    },
    {
      "drop": {
        "name": "exnihiloadscensio:itemPebble",
        "meta": 0
      },
      "chance": 0.5,
      "meshLevel": 1
    },
    {
      "drop": {
        "name": "exnihiloadscensio:itemPebble",
        "meta": 0
      },
      "chance": 0.5,
      "meshLevel": 1
    },
    {
      "drop": {
        "name": "exnihiloadscensio:itemPebble",
        "meta": 0
      },
      "chance": 0.1,
      "meshLevel": 1
    },
    {
      "drop": {
        "name": "exnihiloadscensio:itemPebble",
        "meta": 0
      },
      "chance": 0.1,
      "meshLevel": 1
    },
    {
      "drop": {
        "name": "exnihiloadscensio:itemPebble",
        "meta": 1
      },
      "chance": 0.5,
      "meshLevel": 1
    },
    {
      "drop": {
        "name": "exnihiloadscensio:itemPebble",
        "meta": 1
      },
      "chance": 0.1,
      "meshLevel": 1
    },
    {
      "drop": {
        "name": "exnihiloadscensio:itemPebble",
        "meta": 2
      },
      "chance": 0.5,
      "meshLevel": 1
    },
    {
      "drop": {
        "name": "exnihiloadscensio:itemPebble",
        "meta": 2
      },
      "chance": 0.1,
      "meshLevel": 1
    },
    {
      "drop": {
        "name": "exnihiloadscensio:itemPebble",
        "meta": 3
      },
      "chance": 0.5,
      "meshLevel": 1
    },
    {
      "drop": {
        "name": "exnihiloadscensio:itemPebble",
        "meta": 3
      },
      "chance": 0.1,
      "meshLevel": 1
    }
  ],
  "minecraft:soul_sand:0": [
    {
      "drop": {
        "name": "minecraft:nether_wart",
        "meta": 0
      },
      "chance": 0.75,
      "meshLevel": 1
    },
    {
      "drop": {
        "name": "minecraft:blaze_powder",
        "meta": 0
      },
      "chance": 0.6,
      "meshLevel": 1
    },
    {
      "drop": {
        "name": "minecraft:ghast_tear",
        "meta": 0
      },
      "chance": 0.25,
      "meshLevel": 1
    }
  ]
}